/m/01000nl	Mozambique Is Burning	\N	\N	/common/topic,/music/track	\N
/m/0100365	Notre Prochaine Recontre	\N	\N	/common/topic,/music/track	\N
/m/010037q	Tuit Mi Penser - Virelai	\N	\N	/music/composition,/music/track,/common/topic	\N
/m/010048z	The Crew Is Doing Well	\N	\N	/common/topic,/music/track	\N
/m/01004r5	Ça Fait Du Bien	\N	\N	/music/track,/common/topic	\N
/m/01004sq	La balade de l'obsédé	\N	\N	/music/track,/common/topic	\N
/m/01005tz	Indie (instrumental)	\N	\N	/common/topic,/music/track	\N
/m/010071_	La	\N	\N	/music/track,/common/topic	\N
/m/01007v1	Sky Is Falling	\N	\N	/common/topic,/music/track	\N
/m/010085f	Elegie	\N	\N	/common/topic,/music/track	\N
/m/01008xv	Fare You Well, My Darling	\N	\N	/common/topic,/music/track	\N
/m/010090s	Till We Meet Again	\N	\N	/music/track,/common/topic	\N
/m/01009qf	Via con me	\N	\N	/music/track,/common/topic	\N
/m/0100_c6	Kentucky Waltz	\N	\N	/common/topic,/music/track	\N
/m/0100_dr	I'll Go on Alone	\N	\N	/common/topic,/music/track	\N
/m/0100bj0	Sellotape Flowers	\N	\N	/common/topic,/music/track	\N
/m/0100btf	L'amore pensato	\N	\N	/common/topic,/music/track	\N
/m/0100bwd	Earache	\N	\N	/common/topic,/music/track	\N
/m/0100fl7	Colors	\N	\N	/music/track,/common/topic	\N
/m/0100fms	\N	\N	\N	/music/track,/common/topic	\N
/m/0100gfc	Ilmestyskirjan peto	\N	\N	/music/track,/common/topic	\N
/m/0100hdn	Number One	\N	\N	/common/topic,/music/track	\N
/m/0100jdc	Whole Lotta Shakin' Goin' On	\N	\N	/common/topic,/music/track	\N
/m/0100k0q	Ghost Dancer	\N	\N	/music/track,/common/topic	\N
/m/0100l1z	This is the Way	\N	\N	/common/topic,/music/track	\N
/m/0100ln3	Dancin'on the Edge	\N	\N	/music/track,/common/topic	\N
/m/0100q11	Angelo	\N	\N	/common/topic,/music/track	\N
/m/0100r3v	Vagen till anda	\N	\N	/common/topic,/music/track	\N
/m/0100r86	Fille de pluie	\N	\N	/music/track,/common/topic	\N
/m/0100r9r	Don't Worry About Me	\N	\N	/common/topic,/music/track	\N
/m/0100st6	Ask Son	\N	\N	/common/topic,/music/track	\N
/m/0100vmv	Been Too Long	\N	\N	/common/topic,/music/track	\N
/m/0100vpt	Obsesión (original Bachata version)	\N	\N	/music/track,/common/topic	\N
/m/0100wff	Stoned Out of My Mind	\N	\N	/music/track,/common/topic	\N
/m/0100xc5	Lesbian Download	\N	\N	/common/topic,/music/track	\N
/m/0100xdq	Bjork	\N	\N	/music/track,/common/topic	\N
/m/0100yzl	Suflet Drag	\N	\N	/music/track,/common/topic	\N
/m/0100zz9	End Zone	\N	\N	/common/topic,/music/track	\N
/m/0101044	Ja (live)	\N	\N	/common/topic,/music/track	\N
/m/010116y	Ez csak elmélet (Szeretek, szeretek)	\N	\N	/common/topic,/music/track	\N
/m/01011p4	Ramblin' Man	\N	\N	/common/topic,/music/track	\N
/m/01011qp	Ride	\N	\N	/common/topic,/music/track	\N
/m/01012ry	La Cumparsita	\N	\N	/music/track,/common/topic	\N
/m/01013d1	Gimme Good Sex (radio edit)	\N	\N	/music/track,/common/topic	\N
/m/01015bd	Winds of War	\N	\N	/music/track,/common/topic	\N
/m/010164n	Shenandoah	\N	\N	/music/track,/common/topic	\N
/m/01016_3	The Art... the Morgue	\N	\N	/common/topic,/music/track	\N
/m/01017l4	East Side Story	\N	\N	/music/track,/common/topic	\N
/m/01017mp	40 Miles	\N	\N	/music/track,/common/topic	\N
/m/01017pn	Velvet Illusions	\N	\N	/common/topic,/music/track	\N
/m/01018ny	Voices	\N	\N	/common/topic,/music/track	\N
/m/0101940	Hang the Bastard	\N	\N	/music/track,/common/topic	\N
/m/01019dk	Cry Baby	\N	\N	/music/track,/common/topic	\N
/m/01019v_	It must be elva å en halv	\N	\N	/common/topic,/music/track	\N
/m/0101b70	Beside Brazil	\N	\N	/music/track,/common/topic	\N
/m/0101by_	Don't Talk to Strangers	\N	\N	/music/track,/common/topic	\N
/m/0101cbx	Dream	\N	\N	/common/topic,/music/track	\N
/m/0101cs0	Conundrum	\N	\N	/common/topic,/music/track	\N
/m/0101cwj	Twisted Hunger	\N	\N	/common/topic,/music/track	\N
/m/0101d5c	Vakna Sverige!	\N	\N	/music/track,/common/topic	\N
/m/0101dw7	Peaceful and Quiet	\N	\N	/common/topic,/music/track	\N
/m/0101dxs	Lounging Around	\N	\N	/music/track,/common/topic	\N
/m/0101f4w	Home of the Traders - Barterstown	\N	\N	/common/topic,/music/track	\N
/m/0101f97	Alice Im Flunderland	\N	\N	/common/topic,/music/track	\N
/m/0101fxh	Where Were You Last Night	\N	\N	/music/single,/music/track,/common/topic	\N
/m/0101gpw	Cielo 2002	\N	\N	/common/topic,/music/track	\N
/m/0101kgg	Not & Illusion (Froggy mix) (feat. Spike's)	\N	\N	/music/track,/common/topic	\N
/m/0101ld6	\N	\N	\N	/common/topic,/music/track	\N
/m/0101n_k	Nice Time	\N	\N	/common/topic,/music/track	\N
/m/0101nvz	Aufgemerkt	\N	\N	/common/topic,/music/track	\N
/m/0101p8z	La Libertad	\N	\N	/music/track,/common/topic	\N
/m/0101psq	On and On	\N	\N	/music/track,/common/topic	\N
/m/0101qtz	Call Him Mine	\N	\N	/music/track,/common/topic	\N
/m/0101s1_	Toytown	\N	\N	/music/track,/common/topic	\N
/m/0101sv1	In the Mood	\N	\N	/common/topic,/music/track	\N
/m/0101txv	An Undercurrent	\N	\N	/music/track,/common/topic	\N
/m/0101vcy	Through	\N	\N	/music/track,/common/topic	\N
/m/0101vt1	Wala Na Bang Pag-Ibig	\N	\N	/music/track,/common/topic	\N
/m/0101vxk	The Sea Nymphs VI	\N	\N	/common/topic,/music/track	\N
/m/0101w0h	Blue	\N	\N	/music/track,/common/topic	\N
/m/0101w6d	Gotta Have Your Love (LAR HI-NRG remix)	\N	\N	/common/topic,/music/track	\N
/m/0101wk_	Love Me for a Reason (Moon River Theatre, Branson, Missouri, May 2003)	\N	\N	/common/topic,/music/track	\N
/m/0101wx8	振動 (voiceless version)	\N	\N	/music/track,/common/topic	\N
/m/0101wyt	Prince of Peace	\N	\N	/music/track,/common/topic	\N
/m/0101xrd	My Song	\N	\N	/music/track,/common/topic	\N
/m/0101yjs	Tommy Blues	\N	\N	/common/topic,/music/track	\N
/m/01020b0	As Long as I'm Safe	\N	\N	/common/topic,/music/track	\N
/m/01020fj	Jamming	\N	\N	/common/topic,/music/track	\N
/m/01021f7	De merel	\N	\N	/music/track,/common/topic	\N
/m/01021gs	Buiten Amsterdam	\N	\N	/common/topic,/music/track	\N
/m/01022y4	\N	\N	\N	/music/single,/common/topic,/music/track	\N
/m/01022zp	\N	\N	\N	/music/single,/common/topic,/music/track	\N
/m/010232m	Christmas Time	\N	\N	/common/topic,/music/track	\N
/m/01024d7	Tomatelo Frio	\N	\N	/music/track,/common/topic	\N
/m/010252b	OMATSURI	\N	\N	/music/track,/common/topic	\N
/m/01026_l	Talk Shows on Mute (live)	\N	\N	/common/topic,/music/track	\N
/m/01027_9	Shaft	\N	\N	/music/track,/common/topic	\N
/m/01027h3	Kaze no Ko	\N	\N	/music/track,/common/topic	\N
/m/01027lm	Year of Apocalypse	\N	\N	/common/topic,/music/track	\N
/m/01029ch	A Curve of the Seaside Line	\N	\N	/common/topic,/music/track	\N
